{
    "properties": {
        "type": "Stream",
        "datasource": {
            "type": "Microsoft.Devices/IotHubs",
            "properties": {
                "iotHubNamespace": "{YOUR-HUB-NAME}",
                "sharedAccessPolicyName": "iothubowner",
                "sharedAccessPolicyKey": "accesspolicykey",
                "endpoint": "messages/events",
                "consumerGroupName": "$Default"
                }
        },
        "compression": {
            "type": "None"
        },
        "serialization": {
            "type": "Json",
            "properties": {
                "encoding": "UTF8"
            }
        }
    },
    "name": "vibrationInput",
    "type": "Microsoft.StreamAnalytics/streamingjobs/inputs"
}