{
  "properties": {
    "datasource": {
      "type": "Microsoft.Storage/Blob",
      "properties": {
        "storageAccounts": [
          {
            "accountName": "vibrationstoredm200420",
            "accountKey": "2kV/RPQvlpw1HRbZ6ayqPKWW+B9jysjfyr4Ch973P+fFBN4NbM+xnhc3EbTcKgPCFkqH5DDdMyf4Aqr2LldxQA=="
          }
        ],
        "container": "vibrationcontainer",
        "pathPattern": "output/",
        "dateFormat": "yyyy/MM/dd",
        "timeFormat": "HH"
      }
    },
    "serialization": {
      "type": "Json",
      "properties": {
        "encoding": "UTF8",
        "format": "LineSeparated"
      }
    }
  },
  "name": "BlobOutput",
  "type": "Microsoft.StreamAnalytics/streamingjobs/outputs"
}
